evidence_session_id,sample_id,form_id,line_code,reporting_year,provider_availability,fns_availability,provider_presence,fns_presence,fns_okei_state,fns_okei_code,fns_normalization,scale_comparison_outcome,presence_outcome,provider_raw_sha256,fns_document_sha256,provider_shape_version,collection_tool_version,collected_at
3e34f7484501432dbf2b73c38e7c3d31,C04,balance,1210,2024,available,available,nonzero,nonzero,accepted_384,384,direct_thousand,exact_nonzero,both_nonzero,11a9170d8a6cb72655f236c0a57b37158578a4849a27436d541cd179f900cce3,fbe60d7b9f4087bce612e1422e2b106bf0c67fadb933c69a20e641cbea083b1c,datanewton_finance_2026-08-23_shape_v2,company-card-v2-finance-matrix-v3,2026-08-24T00:32:11.015252Z
3e34f7484501432dbf2b73c38e7c3d31,C04,balance,1210,2025,available,available,nonzero,nonzero,accepted_384,384,direct_thousand,exact_nonzero,both_nonzero,11a9170d8a6cb72655f236c0a57b37158578a4849a27436d541cd179f900cce3,fbe60d7b9f4087bce612e1422e2b106bf0c67fadb933c69a20e641cbea083b1c,datanewton_finance_2026-08-23_shape_v2,company-card-v2-finance-matrix-v3,2026-08-24T00:32:11.015252Z
3e34f7484501432dbf2b73c38e7c3d31,C04,balance,1230,2024,available,available,nonzero,nonzero,accepted_384,384,direct_thousand,exact_nonzero,both_nonzero,11a9170d8a6cb72655f236c0a57b37158578a4849a27436d541cd179f900cce3,fbe60d7b9f4087bce612e1422e2b106bf0c67fadb933c69a20e641cbea083b1c,datanewton_finance_2026-08-23_shape_v2,company-card-v2-finance-matrix-v3,2026-08-24T00:32:11.015252Z
3e34f7484501432dbf2b73c38e7c3d31,C04,balance,1230,2025,available,available,nonzero,nonzero,accepted_384,384,direct_thousand,exact_nonzero,both_nonzero,11a9170d8a6cb72655f236c0a57b37158578a4849a27436d541cd179f900cce3,fbe60d7b9f4087bce612e1422e2b106bf0c67fadb933c69a20e641cbea083b1c,datanewton_finance_2026-08-23_shape_v2,company-card-v2-finance-matrix-v3,2026-08-24T00:32:11.015252Z
3e34f7484501432dbf2b73c38e7c3d31,C04,balance,1240,2024,available,available,nonzero,nonzero,accepted_384,384,direct_thousand,exact_nonzero,both_nonzero,11a9170d8a6cb72655f236c0a57b37158578a4849a27436d541cd179f900cce3,fbe60d7b9f4087bce612e1422e2b106bf0c67fadb933c69a20e641cbea083b1c,datanewton_finance_2026-08-23_shape_v2,company-card-v2-finance-matrix-v3,2026-08-24T00:32:11.015252Z
3e34f7484501432dbf2b73c38e7c3d31,C04,balance,1240,2025,available,available,nonzero,nonzero,accepted_384,384,direct_thousand,exact_nonzero,both_nonzero,11a9170d8a6cb72655f236c0a57b37158578a4849a27436d541cd179f900cce3,fbe60d7b9f4087bce612e1422e2b106bf0c67fadb933c69a20e641cbea083b1c,datanewton_finance_2026-08-23_shape_v2,company-card-v2-finance-matrix-v3,2026-08-24T00:32:11.015252Z
3e34f7484501432dbf2b73c38e7c3d31,C04,balance,1250,2024,available,available,nonzero,nonzero,accepted_384,384,direct_thousand,exact_nonzero,both_nonzero,11a9170d8a6cb72655f236c0a57b37158578a4849a27436d541cd179f900cce3,fbe60d7b9f4087bce612e1422e2b106bf0c67fadb933c69a20e641cbea083b1c,datanewton_finance_2026-08-23_shape_v2,company-card-v2-finance-matrix-v3,2026-08-24T00:32:11.015252Z
3e34f7484501432dbf2b73c38e7c3d31,C04,balance,1250,2025,available,available,nonzero,nonzero,accepted_384,384,direct_thousand,exact_nonzero,both_nonzero,11a9170d8a6cb72655f236c0a57b37158578a4849a27436d541cd179f900cce3,fbe60d7b9f4087bce612e1422e2b106bf0c67fadb933c69a20e641cbea083b1c,datanewton_finance_2026-08-23_shape_v2,company-card-v2-finance-matrix-v3,2026-08-24T00:32:11.015252Z
3e34f7484501432dbf2b73c38e7c3d31,C04,balance,1300,2024,available,available,nonzero,nonzero,accepted_384,384,direct_thousand,exact_nonzero,both_nonzero,11a9170d8a6cb72655f236c0a57b37158578a4849a27436d541cd179f900cce3,fbe60d7b9f4087bce612e1422e2b106bf0c67fadb933c69a20e641cbea083b1c,datanewton_finance_2026-08-23_shape_v2,company-card-v2-finance-matrix-v3,2026-08-24T00:32:11.015252Z
3e34f7484501432dbf2b73c38e7c3d31,C04,balance,1300,2025,available,available,nonzero,nonzero,accepted_384,384,direct_thousand,exact_nonzero,both_nonzero,11a9170d8a6cb72655f236c0a57b37158578a4849a27436d541cd179f900cce3,fbe60d7b9f4087bce612e1422e2b106bf0c67fadb933c69a20e641cbea083b1c,datanewton_finance_2026-08-23_shape_v2,company-card-v2-finance-matrix-v3,2026-08-24T00:32:11.015252Z
3e34f7484501432dbf2b73c38e7c3d31,C04,balance,1400,2024,available,available,nonzero,nonzero,accepted_384,384,direct_thousand,exact_nonzero,both_nonzero,11a9170d8a6cb72655f236c0a57b37158578a4849a27436d541cd179f900cce3,fbe60d7b9f4087bce612e1422e2b106bf0c67fadb933c69a20e641cbea083b1c,datanewton_finance_2026-08-23_shape_v2,company-card-v2-finance-matrix-v3,2026-08-24T00:32:11.015252Z
3e34f7484501432dbf2b73c38e7c3d31,C04,balance,1400,2025,available,available,nonzero,nonzero,accepted_384,384,direct_thousand,exact_nonzero,both_nonzero,11a9170d8a6cb72655f236c0a57b37158578a4849a27436d541cd179f900cce3,fbe60d7b9f4087bce612e1422e2b106bf0c67fadb933c69a20e641cbea083b1c,datanewton_finance_2026-08-23_shape_v2,company-card-v2-finance-matrix-v3,2026-08-24T00:32:11.015252Z
3e34f7484501432dbf2b73c38e7c3d31,C04,balance,1500,2024,available,available,nonzero,nonzero,accepted_384,384,direct_thousand,exact_nonzero,both_nonzero,11a9170d8a6cb72655f236c0a57b37158578a4849a27436d541cd179f900cce3,fbe60d7b9f4087bce612e1422e2b106bf0c67fadb933c69a20e641cbea083b1c,datanewton_finance_2026-08-23_shape_v2,company-card-v2-finance-matrix-v3,2026-08-24T00:32:11.015252Z
3e34f7484501432dbf2b73c38e7c3d31,C04,balance,1500,2025,available,available,nonzero,nonzero,accepted_384,384,direct_thousand,exact_nonzero,both_nonzero,11a9170d8a6cb72655f236c0a57b37158578a4849a27436d541cd179f900cce3,fbe60d7b9f4087bce612e1422e2b106bf0c67fadb933c69a20e641cbea083b1c,datanewton_finance_2026-08-23_shape_v2,company-card-v2-finance-matrix-v3,2026-08-24T00:32:11.015252Z
3e34f7484501432dbf2b73c38e7c3d31,C04,balance,1600,2024,available,available,nonzero,nonzero,accepted_384,384,direct_thousand,exact_nonzero,both_nonzero,11a9170d8a6cb72655f236c0a57b37158578a4849a27436d541cd179f900cce3,fbe60d7b9f4087bce612e1422e2b106bf0c67fadb933c69a20e641cbea083b1c,datanewton_finance_2026-08-23_shape_v2,company-card-v2-finance-matrix-v3,2026-08-24T00:32:11.015252Z
3e34f7484501432dbf2b73c38e7c3d31,C04,balance,1600,2025,available,available,nonzero,nonzero,accepted_384,384,direct_thousand,exact_nonzero,both_nonzero,11a9170d8a6cb72655f236c0a57b37158578a4849a27436d541cd179f900cce3,fbe60d7b9f4087bce612e1422e2b106bf0c67fadb933c69a20e641cbea083b1c,datanewton_finance_2026-08-23_shape_v2,company-card-v2-finance-matrix-v3,2026-08-24T00:32:11.015252Z
3e34f7484501432dbf2b73c38e7c3d31,C04,financial_results,2100,2024,available,available,nonzero,nonzero,accepted_384,384,direct_thousand,exact_nonzero,both_nonzero,11a9170d8a6cb72655f236c0a57b37158578a4849a27436d541cd179f900cce3,fbe60d7b9f4087bce612e1422e2b106bf0c67fadb933c69a20e641cbea083b1c,datanewton_finance_2026-08-23_shape_v2,company-card-v2-finance-matrix-v3,2026-08-24T00:32:11.015252Z
3e34f7484501432dbf2b73c38e7c3d31,C04,financial_results,2100,2025,available,available,nonzero,nonzero,accepted_384,384,direct_thousand,exact_nonzero,both_nonzero,11a9170d8a6cb72655f236c0a57b37158578a4849a27436d541cd179f900cce3,fbe60d7b9f4087bce612e1422e2b106bf0c67fadb933c69a20e641cbea083b1c,datanewton_finance_2026-08-23_shape_v2,company-card-v2-finance-matrix-v3,2026-08-24T00:32:11.015252Z
3e34f7484501432dbf2b73c38e7c3d31,C04,financial_results,2110,2024,available,available,nonzero,nonzero,accepted_384,384,direct_thousand,exact_nonzero,both_nonzero,11a9170d8a6cb72655f236c0a57b37158578a4849a27436d541cd179f900cce3,fbe60d7b9f4087bce612e1422e2b106bf0c67fadb933c69a20e641cbea083b1c,datanewton_finance_2026-08-23_shape_v2,company-card-v2-finance-matrix-v3,2026-08-24T00:32:11.015252Z
3e34f7484501432dbf2b73c38e7c3d31,C04,financial_results,2110,2025,available,available,nonzero,nonzero,accepted_384,384,direct_thousand,exact_nonzero,both_nonzero,11a9170d8a6cb72655f236c0a57b37158578a4849a27436d541cd179f900cce3,fbe60d7b9f4087bce612e1422e2b106bf0c67fadb933c69a20e641cbea083b1c,datanewton_finance_2026-08-23_shape_v2,company-card-v2-finance-matrix-v3,2026-08-24T00:32:11.015252Z
3e34f7484501432dbf2b73c38e7c3d31,C04,financial_results,2200,2024,available,available,nonzero,nonzero,accepted_384,384,direct_thousand,exact_nonzero,both_nonzero,11a9170d8a6cb72655f236c0a57b37158578a4849a27436d541cd179f900cce3,fbe60d7b9f4087bce612e1422e2b106bf0c67fadb933c69a20e641cbea083b1c,datanewton_finance_2026-08-23_shape_v2,company-card-v2-finance-matrix-v3,2026-08-24T00:32:11.015252Z
3e34f7484501432dbf2b73c38e7c3d31,C04,financial_results,2200,2025,available,available,nonzero,nonzero,accepted_384,384,direct_thousand,exact_nonzero,both_nonzero,11a9170d8a6cb72655f236c0a57b37158578a4849a27436d541cd179f900cce3,fbe60d7b9f4087bce612e1422e2b106bf0c67fadb933c69a20e641cbea083b1c,datanewton_finance_2026-08-23_shape_v2,company-card-v2-finance-matrix-v3,2026-08-24T00:32:11.015252Z
3e34f7484501432dbf2b73c38e7c3d31,C04,financial_results,2400,2024,available,available,nonzero,nonzero,accepted_384,384,direct_thousand,exact_nonzero,both_nonzero,11a9170d8a6cb72655f236c0a57b37158578a4849a27436d541cd179f900cce3,fbe60d7b9f4087bce612e1422e2b106bf0c67fadb933c69a20e641cbea083b1c,datanewton_finance_2026-08-23_shape_v2,company-card-v2-finance-matrix-v3,2026-08-24T00:32:11.015252Z
3e34f7484501432dbf2b73c38e7c3d31,C04,financial_results,2400,2025,available,available,nonzero,nonzero,accepted_384,384,direct_thousand,exact_nonzero,both_nonzero,11a9170d8a6cb72655f236c0a57b37158578a4849a27436d541cd179f900cce3,fbe60d7b9f4087bce612e1422e2b106bf0c67fadb933c69a20e641cbea083b1c,datanewton_finance_2026-08-23_shape_v2,company-card-v2-finance-matrix-v3,2026-08-24T00:32:11.015252Z
3e34f7484501432dbf2b73c38e7c3d31,C05,balance,1210,2024,available,available,nonzero,nonzero,accepted_384,384,direct_thousand,exact_nonzero,both_nonzero,d61a3fc8cf51e871f7f6d0a7651277e1f388aab3ff3b1eb69f1be0a3a603ce54,50bcaa332096c7b33cb502bb632659c8a7b37168360f59426b5a0dbe91668c09,datanewton_finance_2026-08-23_shape_v2,company-card-v2-finance-matrix-v3,2026-08-24T00:32:24.265477Z
3e34f7484501432dbf2b73c38e7c3d31,C05,balance,1210,2025,available,available,nonzero,nonzero,accepted_384,384,direct_thousand,exact_nonzero,both_nonzero,d61a3fc8cf51e871f7f6d0a7651277e1f388aab3ff3b1eb69f1be0a3a603ce54,50bcaa332096c7b33cb502bb632659c8a7b37168360f59426b5a0dbe91668c09,datanewton_finance_2026-08-23_shape_v2,company-card-v2-finance-matrix-v3,2026-08-24T00:32:24.265477Z
3e34f7484501432dbf2b73c38e7c3d31,C05,balance,1230,2024,available,available,nonzero,nonzero,accepted_384,384,direct_thousand,exact_nonzero,both_nonzero,d61a3fc8cf51e871f7f6d0a7651277e1f388aab3ff3b1eb69f1be0a3a603ce54,50bcaa332096c7b33cb502bb632659c8a7b37168360f59426b5a0dbe91668c09,datanewton_finance_2026-08-23_shape_v2,company-card-v2-finance-matrix-v3,2026-08-24T00:32:24.265477Z
3e34f7484501432dbf2b73c38e7c3d31,C05,balance,1230,2025,available,available,nonzero,nonzero,accepted_384,384,direct_thousand,exact_nonzero,both_nonzero,d61a3fc8cf51e871f7f6d0a7651277e1f388aab3ff3b1eb69f1be0a3a603ce54,50bcaa332096c7b33cb502bb632659c8a7b37168360f59426b5a0dbe91668c09,datanewton_finance_2026-08-23_shape_v2,company-card-v2-finance-matrix-v3,2026-08-24T00:32:24.265477Z
3e34f7484501432dbf2b73c38e7c3d31,C05,balance,1240,2024,available,available,nonzero,nonzero,accepted_384,384,direct_thousand,exact_nonzero,both_nonzero,d61a3fc8cf51e871f7f6d0a7651277e1f388aab3ff3b1eb69f1be0a3a603ce54,50bcaa332096c7b33cb502bb632659c8a7b37168360f59426b5a0dbe91668c09,datanewton_finance_2026-08-23_shape_v2,company-card-v2-finance-matrix-v3,2026-08-24T00:32:24.265477Z
3e34f7484501432dbf2b73c38e7c3d31,C05,balance,1240,2025,available,available,zero,zero,accepted_384,384,direct_thousand,not_comparable,exact_zero,d61a3fc8cf51e871f7f6d0a7651277e1f388aab3ff3b1eb69f1be0a3a603ce54,50bcaa332096c7b33cb502bb632659c8a7b37168360f59426b5a0dbe91668c09,datanewton_finance_2026-08-23_shape_v2,company-card-v2-finance-matrix-v3,2026-08-24T00:32:24.265477Z
3e34f7484501432dbf2b73c38e7c3d31,C05,balance,1250,2024,available,available,nonzero,nonzero,accepted_384,384,direct_thousand,exact_nonzero,both_nonzero,d61a3fc8cf51e871f7f6d0a7651277e1f388aab3ff3b1eb69f1be0a3a603ce54,50bcaa332096c7b33cb502bb632659c8a7b37168360f59426b5a0dbe91668c09,datanewton_finance_2026-08-23_shape_v2,company-card-v2-finance-matrix-v3,2026-08-24T00:32:24.265477Z
3e34f7484501432dbf2b73c38e7c3d31,C05,balance,1250,2025,available,available,nonzero,nonzero,accepted_384,384,direct_thousand,exact_nonzero,both_nonzero,d61a3fc8cf51e871f7f6d0a7651277e1f388aab3ff3b1eb69f1be0a3a603ce54,50bcaa332096c7b33cb502bb632659c8a7b37168360f59426b5a0dbe91668c09,datanewton_finance_2026-08-23_shape_v2,company-card-v2-finance-matrix-v3,2026-08-24T00:32:24.265477Z
3e34f7484501432dbf2b73c38e7c3d31,C05,balance,1300,2024,available,available,nonzero,nonzero,accepted_384,384,direct_thousand,exact_nonzero,both_nonzero,d61a3fc8cf51e871f7f6d0a7651277e1f388aab3ff3b1eb69f1be0a3a603ce54,50bcaa332096c7b33cb502bb632659c8a7b37168360f59426b5a0dbe91668c09,datanewton_finance_2026-08-23_shape_v2,company-card-v2-finance-matrix-v3,2026-08-24T00:32:24.265477Z
3e34f7484501432dbf2b73c38e7c3d31,C05,balance,1300,2025,available,available,nonzero,nonzero,accepted_384,384,direct_thousand,exact_nonzero,both_nonzero,d61a3fc8cf51e871f7f6d0a7651277e1f388aab3ff3b1eb69f1be0a3a603ce54,50bcaa332096c7b33cb502bb632659c8a7b37168360f59426b5a0dbe91668c09,datanewton_finance_2026-08-23_shape_v2,company-card-v2-finance-matrix-v3,2026-08-24T00:32:24.265477Z
3e34f7484501432dbf2b73c38e7c3d31,C05,balance,1400,2024,available,available,nonzero,nonzero,accepted_384,384,direct_thousand,exact_nonzero,both_nonzero,d61a3fc8cf51e871f7f6d0a7651277e1f388aab3ff3b1eb69f1be0a3a603ce54,50bcaa332096c7b33cb502bb632659c8a7b37168360f59426b5a0dbe91668c09,datanewton_finance_2026-08-23_shape_v2,company-card-v2-finance-matrix-v3,2026-08-24T00:32:24.265477Z
3e34f7484501432dbf2b73c38e7c3d31,C05,balance,1400,2025,available,available,nonzero,nonzero,accepted_384,384,direct_thousand,exact_nonzero,both_nonzero,d61a3fc8cf51e871f7f6d0a7651277e1f388aab3ff3b1eb69f1be0a3a603ce54,50bcaa332096c7b33cb502bb632659c8a7b37168360f59426b5a0dbe91668c09,datanewton_finance_2026-08-23_shape_v2,company-card-v2-finance-matrix-v3,2026-08-24T00:32:24.265477Z
3e34f7484501432dbf2b73c38e7c3d31,C05,balance,1500,2024,available,available,nonzero,nonzero,accepted_384,384,direct_thousand,exact_nonzero,both_nonzero,d61a3fc8cf51e871f7f6d0a7651277e1f388aab3ff3b1eb69f1be0a3a603ce54,50bcaa332096c7b33cb502bb632659c8a7b37168360f59426b5a0dbe91668c09,datanewton_finance_2026-08-23_shape_v2,company-card-v2-finance-matrix-v3,2026-08-24T00:32:24.265477Z
3e34f7484501432dbf2b73c38e7c3d31,C05,balance,1500,2025,available,available,nonzero,nonzero,accepted_384,384,direct_thousand,exact_nonzero,both_nonzero,d61a3fc8cf51e871f7f6d0a7651277e1f388aab3ff3b1eb69f1be0a3a603ce54,50bcaa332096c7b33cb502bb632659c8a7b37168360f59426b5a0dbe91668c09,datanewton_finance_2026-08-23_shape_v2,company-card-v2-finance-matrix-v3,2026-08-24T00:32:24.265477Z
3e34f7484501432dbf2b73c38e7c3d31,C05,balance,1600,2024,available,available,nonzero,nonzero,accepted_384,384,direct_thousand,exact_nonzero,both_nonzero,d61a3fc8cf51e871f7f6d0a7651277e1f388aab3ff3b1eb69f1be0a3a603ce54,50bcaa332096c7b33cb502bb632659c8a7b37168360f59426b5a0dbe91668c09,datanewton_finance_2026-08-23_shape_v2,company-card-v2-finance-matrix-v3,2026-08-24T00:32:24.265477Z
3e34f7484501432dbf2b73c38e7c3d31,C05,balance,1600,2025,available,available,nonzero,nonzero,accepted_384,384,direct_thousand,exact_nonzero,both_nonzero,d61a3fc8cf51e871f7f6d0a7651277e1f388aab3ff3b1eb69f1be0a3a603ce54,50bcaa332096c7b33cb502bb632659c8a7b37168360f59426b5a0dbe91668c09,datanewton_finance_2026-08-23_shape_v2,company-card-v2-finance-matrix-v3,2026-08-24T00:32:24.265477Z
3e34f7484501432dbf2b73c38e7c3d31,C05,financial_results,2100,2024,available,available,nonzero,nonzero,accepted_384,384,direct_thousand,exact_nonzero,both_nonzero,d61a3fc8cf51e871f7f6d0a7651277e1f388aab3ff3b1eb69f1be0a3a603ce54,50bcaa332096c7b33cb502bb632659c8a7b37168360f59426b5a0dbe91668c09,datanewton_finance_2026-08-23_shape_v2,company-card-v2-finance-matrix-v3,2026-08-24T00:32:24.265477Z
3e34f7484501432dbf2b73c38e7c3d31,C05,financial_results,2100,2025,available,available,nonzero,nonzero,accepted_384,384,direct_thousand,exact_nonzero,both_nonzero,d61a3fc8cf51e871f7f6d0a7651277e1f388aab3ff3b1eb69f1be0a3a603ce54,50bcaa332096c7b33cb502bb632659c8a7b37168360f59426b5a0dbe91668c09,datanewton_finance_2026-08-23_shape_v2,company-card-v2-finance-matrix-v3,2026-08-24T00:32:24.265477Z
3e34f7484501432dbf2b73c38e7c3d31,C05,financial_results,2110,2024,available,available,nonzero,nonzero,accepted_384,384,direct_thousand,exact_nonzero,both_nonzero,d61a3fc8cf51e871f7f6d0a7651277e1f388aab3ff3b1eb69f1be0a3a603ce54,50bcaa332096c7b33cb502bb632659c8a7b37168360f59426b5a0dbe91668c09,datanewton_finance_2026-08-23_shape_v2,company-card-v2-finance-matrix-v3,2026-08-24T00:32:24.265477Z
3e34f7484501432dbf2b73c38e7c3d31,C05,financial_results,2110,2025,available,available,nonzero,nonzero,accepted_384,384,direct_thousand,exact_nonzero,both_nonzero,d61a3fc8cf51e871f7f6d0a7651277e1f388aab3ff3b1eb69f1be0a3a603ce54,50bcaa332096c7b33cb502bb632659c8a7b37168360f59426b5a0dbe91668c09,datanewton_finance_2026-08-23_shape_v2,company-card-v2-finance-matrix-v3,2026-08-24T00:32:24.265477Z
3e34f7484501432dbf2b73c38e7c3d31,C05,financial_results,2200,2024,available,available,nonzero,nonzero,accepted_384,384,direct_thousand,exact_nonzero,both_nonzero,d61a3fc8cf51e871f7f6d0a7651277e1f388aab3ff3b1eb69f1be0a3a603ce54,50bcaa332096c7b33cb502bb632659c8a7b37168360f59426b5a0dbe91668c09,datanewton_finance_2026-08-23_shape_v2,company-card-v2-finance-matrix-v3,2026-08-24T00:32:24.265477Z
3e34f7484501432dbf2b73c38e7c3d31,C05,financial_results,2200,2025,available,available,nonzero,nonzero,accepted_384,384,direct_thousand,exact_nonzero,both_nonzero,d61a3fc8cf51e871f7f6d0a7651277e1f388aab3ff3b1eb69f1be0a3a603ce54,50bcaa332096c7b33cb502bb632659c8a7b37168360f59426b5a0dbe91668c09,datanewton_finance_2026-08-23_shape_v2,company-card-v2-finance-matrix-v3,2026-08-24T00:32:24.265477Z
3e34f7484501432dbf2b73c38e7c3d31,C05,financial_results,2400,2024,available,available,nonzero,nonzero,accepted_384,384,direct_thousand,exact_nonzero,both_nonzero,d61a3fc8cf51e871f7f6d0a7651277e1f388aab3ff3b1eb69f1be0a3a603ce54,50bcaa332096c7b33cb502bb632659c8a7b37168360f59426b5a0dbe91668c09,datanewton_finance_2026-08-23_shape_v2,company-card-v2-finance-matrix-v3,2026-08-24T00:32:24.265477Z
3e34f7484501432dbf2b73c38e7c3d31,C05,financial_results,2400,2025,available,available,nonzero,nonzero,accepted_384,384,direct_thousand,exact_nonzero,both_nonzero,d61a3fc8cf51e871f7f6d0a7651277e1f388aab3ff3b1eb69f1be0a3a603ce54,50bcaa332096c7b33cb502bb632659c8a7b37168360f59426b5a0dbe91668c09,datanewton_finance_2026-08-23_shape_v2,company-card-v2-finance-matrix-v3,2026-08-24T00:32:24.265477Z
3e34f7484501432dbf2b73c38e7c3d31,C06,balance,1210,2024,available,available,nonzero,nonzero,accepted_384,384,direct_thousand,exact_nonzero,both_nonzero,148f7818b8088785d42bab606636015596d0455d769e55d2dbcced24cfeda9ec,1bfb6d4a01b870ba8e42a01c443f77cec48d7182f58923ce093b45965b24a7ed,datanewton_finance_2026-08-23_shape_v2,company-card-v2-finance-matrix-v3,2026-08-24T00:32:47.647839Z
3e34f7484501432dbf2b73c38e7c3d31,C06,balance,1210,2025,available,available,nonzero,nonzero,accepted_384,384,direct_thousand,exact_nonzero,both_nonzero,148f7818b8088785d42bab606636015596d0455d769e55d2dbcced24cfeda9ec,1bfb6d4a01b870ba8e42a01c443f77cec48d7182f58923ce093b45965b24a7ed,datanewton_finance_2026-08-23_shape_v2,company-card-v2-finance-matrix-v3,2026-08-24T00:32:47.647839Z
3e34f7484501432dbf2b73c38e7c3d31,C06,balance,1230,2024,available,available,nonzero,nonzero,accepted_384,384,direct_thousand,exact_nonzero,both_nonzero,148f7818b8088785d42bab606636015596d0455d769e55d2dbcced24cfeda9ec,1bfb6d4a01b870ba8e42a01c443f77cec48d7182f58923ce093b45965b24a7ed,datanewton_finance_2026-08-23_shape_v2,company-card-v2-finance-matrix-v3,2026-08-24T00:32:47.647839Z
3e34f7484501432dbf2b73c38e7c3d31,C06,balance,1230,2025,available,available,nonzero,nonzero,accepted_384,384,direct_thousand,exact_nonzero,both_nonzero,148f7818b8088785d42bab606636015596d0455d769e55d2dbcced24cfeda9ec,1bfb6d4a01b870ba8e42a01c443f77cec48d7182f58923ce093b45965b24a7ed,datanewton_finance_2026-08-23_shape_v2,company-card-v2-finance-matrix-v3,2026-08-24T00:32:47.647839Z
3e34f7484501432dbf2b73c38e7c3d31,C06,balance,1240,2024,available,available,nonzero,nonzero,accepted_384,384,direct_thousand,exact_nonzero,both_nonzero,148f7818b8088785d42bab606636015596d0455d769e55d2dbcced24cfeda9ec,1bfb6d4a01b870ba8e42a01c443f77cec48d7182f58923ce093b45965b24a7ed,datanewton_finance_2026-08-23_shape_v2,company-card-v2-finance-matrix-v3,2026-08-24T00:32:47.647839Z
3e34f7484501432dbf2b73c38e7c3d31,C06,balance,1240,2025,available,available,nonzero,nonzero,accepted_384,384,direct_thousand,exact_nonzero,both_nonzero,148f7818b8088785d42bab606636015596d0455d769e55d2dbcced24cfeda9ec,1bfb6d4a01b870ba8e42a01c443f77cec48d7182f58923ce093b45965b24a7ed,datanewton_finance_2026-08-23_shape_v2,company-card-v2-finance-matrix-v3,2026-08-24T00:32:47.647839Z
3e34f7484501432dbf2b73c38e7c3d31,C06,balance,1250,2024,available,available,nonzero,nonzero,accepted_384,384,direct_thousand,exact_nonzero,both_nonzero,148f7818b8088785d42bab606636015596d0455d769e55d2dbcced24cfeda9ec,1bfb6d4a01b870ba8e42a01c443f77cec48d7182f58923ce093b45965b24a7ed,datanewton_finance_2026-08-23_shape_v2,company-card-v2-finance-matrix-v3,2026-08-24T00:32:47.647839Z
3e34f7484501432dbf2b73c38e7c3d31,C06,balance,1250,2025,available,available,nonzero,nonzero,accepted_384,384,direct_thousand,exact_nonzero,both_nonzero,148f7818b8088785d42bab606636015596d0455d769e55d2dbcced24cfeda9ec,1bfb6d4a01b870ba8e42a01c443f77cec48d7182f58923ce093b45965b24a7ed,datanewton_finance_2026-08-23_shape_v2,company-card-v2-finance-matrix-v3,2026-08-24T00:32:47.647839Z
3e34f7484501432dbf2b73c38e7c3d31,C06,balance,1300,2024,available,available,nonzero,nonzero,accepted_384,384,direct_thousand,exact_nonzero,both_nonzero,148f7818b8088785d42bab606636015596d0455d769e55d2dbcced24cfeda9ec,1bfb6d4a01b870ba8e42a01c443f77cec48d7182f58923ce093b45965b24a7ed,datanewton_finance_2026-08-23_shape_v2,company-card-v2-finance-matrix-v3,2026-08-24T00:32:47.647839Z
3e34f7484501432dbf2b73c38e7c3d31,C06,balance,1300,2025,available,available,nonzero,nonzero,accepted_384,384,direct_thousand,exact_nonzero,both_nonzero,148f7818b8088785d42bab606636015596d0455d769e55d2dbcced24cfeda9ec,1bfb6d4a01b870ba8e42a01c443f77cec48d7182f58923ce093b45965b24a7ed,datanewton_finance_2026-08-23_shape_v2,company-card-v2-finance-matrix-v3,2026-08-24T00:32:47.647839Z
3e34f7484501432dbf2b73c38e7c3d31,C06,balance,1400,2024,available,available,nonzero,nonzero,accepted_384,384,direct_thousand,exact_nonzero,both_nonzero,148f7818b8088785d42bab606636015596d0455d769e55d2dbcced24cfeda9ec,1bfb6d4a01b870ba8e42a01c443f77cec48d7182f58923ce093b45965b24a7ed,datanewton_finance_2026-08-23_shape_v2,company-card-v2-finance-matrix-v3,2026-08-24T00:32:47.647839Z
3e34f7484501432dbf2b73c38e7c3d31,C06,balance,1400,2025,available,available,nonzero,nonzero,accepted_384,384,direct_thousand,exact_nonzero,both_nonzero,148f7818b8088785d42bab606636015596d0455d769e55d2dbcced24cfeda9ec,1bfb6d4a01b870ba8e42a01c443f77cec48d7182f58923ce093b45965b24a7ed,datanewton_finance_2026-08-23_shape_v2,company-card-v2-finance-matrix-v3,2026-08-24T00:32:47.647839Z
3e34f7484501432dbf2b73c38e7c3d31,C06,balance,1500,2024,available,available,nonzero,nonzero,accepted_384,384,direct_thousand,exact_nonzero,both_nonzero,148f7818b8088785d42bab606636015596d0455d769e55d2dbcced24cfeda9ec,1bfb6d4a01b870ba8e42a01c443f77cec48d7182f58923ce093b45965b24a7ed,datanewton_finance_2026-08-23_shape_v2,company-card-v2-finance-matrix-v3,2026-08-24T00:32:47.647839Z
3e34f7484501432dbf2b73c38e7c3d31,C06,balance,1500,2025,available,available,nonzero,nonzero,accepted_384,384,direct_thousand,exact_nonzero,both_nonzero,148f7818b8088785d42bab606636015596d0455d769e55d2dbcced24cfeda9ec,1bfb6d4a01b870ba8e42a01c443f77cec48d7182f58923ce093b45965b24a7ed,datanewton_finance_2026-08-23_shape_v2,company-card-v2-finance-matrix-v3,2026-08-24T00:32:47.647839Z
3e34f7484501432dbf2b73c38e7c3d31,C06,balance,1600,2024,available,available,nonzero,nonzero,accepted_384,384,direct_thousand,exact_nonzero,both_nonzero,148f7818b8088785d42bab606636015596d0455d769e55d2dbcced24cfeda9ec,1bfb6d4a01b870ba8e42a01c443f77cec48d7182f58923ce093b45965b24a7ed,datanewton_finance_2026-08-23_shape_v2,company-card-v2-finance-matrix-v3,2026-08-24T00:32:47.647839Z
3e34f7484501432dbf2b73c38e7c3d31,C06,balance,1600,2025,available,available,nonzero,nonzero,accepted_384,384,direct_thousand,exact_nonzero,both_nonzero,148f7818b8088785d42bab606636015596d0455d769e55d2dbcced24cfeda9ec,1bfb6d4a01b870ba8e42a01c443f77cec48d7182f58923ce093b45965b24a7ed,datanewton_finance_2026-08-23_shape_v2,company-card-v2-finance-matrix-v3,2026-08-24T00:32:47.647839Z
3e34f7484501432dbf2b73c38e7c3d31,C06,financial_results,2100,2024,available,available,nonzero,nonzero,accepted_384,384,direct_thousand,exact_nonzero,both_nonzero,148f7818b8088785d42bab606636015596d0455d769e55d2dbcced24cfeda9ec,1bfb6d4a01b870ba8e42a01c443f77cec48d7182f58923ce093b45965b24a7ed,datanewton_finance_2026-08-23_shape_v2,company-card-v2-finance-matrix-v3,2026-08-24T00:32:47.647839Z
3e34f7484501432dbf2b73c38e7c3d31,C06,financial_results,2100,2025,available,available,nonzero,nonzero,accepted_384,384,direct_thousand,exact_nonzero,both_nonzero,148f7818b8088785d42bab606636015596d0455d769e55d2dbcced24cfeda9ec,1bfb6d4a01b870ba8e42a01c443f77cec48d7182f58923ce093b45965b24a7ed,datanewton_finance_2026-08-23_shape_v2,company-card-v2-finance-matrix-v3,2026-08-24T00:32:47.647839Z
3e34f7484501432dbf2b73c38e7c3d31,C06,financial_results,2110,2024,available,available,nonzero,nonzero,accepted_384,384,direct_thousand,exact_nonzero,both_nonzero,148f7818b8088785d42bab606636015596d0455d769e55d2dbcced24cfeda9ec,1bfb6d4a01b870ba8e42a01c443f77cec48d7182f58923ce093b45965b24a7ed,datanewton_finance_2026-08-23_shape_v2,company-card-v2-finance-matrix-v3,2026-08-24T00:32:47.647839Z
3e34f7484501432dbf2b73c38e7c3d31,C06,financial_results,2110,2025,available,available,nonzero,nonzero,accepted_384,384,direct_thousand,exact_nonzero,both_nonzero,148f7818b8088785d42bab606636015596d0455d769e55d2dbcced24cfeda9ec,1bfb6d4a01b870ba8e42a01c443f77cec48d7182f58923ce093b45965b24a7ed,datanewton_finance_2026-08-23_shape_v2,company-card-v2-finance-matrix-v3,2026-08-24T00:32:47.647839Z
3e34f7484501432dbf2b73c38e7c3d31,C06,financial_results,2200,2024,available,available,nonzero,nonzero,accepted_384,384,direct_thousand,exact_nonzero,both_nonzero,148f7818b8088785d42bab606636015596d0455d769e55d2dbcced24cfeda9ec,1bfb6d4a01b870ba8e42a01c443f77cec48d7182f58923ce093b45965b24a7ed,datanewton_finance_2026-08-23_shape_v2,company-card-v2-finance-matrix-v3,2026-08-24T00:32:47.647839Z
3e34f7484501432dbf2b73c38e7c3d31,C06,financial_results,2200,2025,available,available,nonzero,nonzero,accepted_384,384,direct_thousand,exact_nonzero,both_nonzero,148f7818b8088785d42bab606636015596d0455d769e55d2dbcced24cfeda9ec,1bfb6d4a01b870ba8e42a01c443f77cec48d7182f58923ce093b45965b24a7ed,datanewton_finance_2026-08-23_shape_v2,company-card-v2-finance-matrix-v3,2026-08-24T00:32:47.647839Z
3e34f7484501432dbf2b73c38e7c3d31,C06,financial_results,2400,2024,available,available,nonzero,nonzero,accepted_384,384,direct_thousand,exact_nonzero,both_nonzero,148f7818b8088785d42bab606636015596d0455d769e55d2dbcced24cfeda9ec,1bfb6d4a01b870ba8e42a01c443f77cec48d7182f58923ce093b45965b24a7ed,datanewton_finance_2026-08-23_shape_v2,company-card-v2-finance-matrix-v3,2026-08-24T00:32:47.647839Z
3e34f7484501432dbf2b73c38e7c3d31,C06,financial_results,2400,2025,available,available,nonzero,nonzero,accepted_384,384,direct_thousand,exact_nonzero,both_nonzero,148f7818b8088785d42bab606636015596d0455d769e55d2dbcced24cfeda9ec,1bfb6d4a01b870ba8e42a01c443f77cec48d7182f58923ce093b45965b24a7ed,datanewton_finance_2026-08-23_shape_v2,company-card-v2-finance-matrix-v3,2026-08-24T00:32:47.647839Z
3e34f7484501432dbf2b73c38e7c3d31,C07,balance,1210,2024,available,available,nonzero,nonzero,accepted_384,384,direct_thousand,exact_nonzero,both_nonzero,4a70f79197417bd75f486296cedd16c923cd8ff1ff7c531cd8874e955726d69e,f74739abbd663c3cacde1b8d9a70bff60e927713af2a7c5d2146c0294dbe6106,datanewton_finance_2026-08-23_shape_v2,company-card-v2-finance-matrix-v3,2026-08-24T00:33:24.731191Z
3e34f7484501432dbf2b73c38e7c3d31,C07,balance,1210,2025,available,available,nonzero,nonzero,accepted_384,384,direct_thousand,exact_nonzero,both_nonzero,4a70f79197417bd75f486296cedd16c923cd8ff1ff7c531cd8874e955726d69e,f74739abbd663c3cacde1b8d9a70bff60e927713af2a7c5d2146c0294dbe6106,datanewton_finance_2026-08-23_shape_v2,company-card-v2-finance-matrix-v3,2026-08-24T00:33:24.731191Z
3e34f7484501432dbf2b73c38e7c3d31,C07,balance,1230,2024,available,available,nonzero,nonzero,accepted_384,384,direct_thousand,exact_nonzero,both_nonzero,4a70f79197417bd75f486296cedd16c923cd8ff1ff7c531cd8874e955726d69e,f74739abbd663c3cacde1b8d9a70bff60e927713af2a7c5d2146c0294dbe6106,datanewton_finance_2026-08-23_shape_v2,company-card-v2-finance-matrix-v3,2026-08-24T00:33:24.731191Z
3e34f7484501432dbf2b73c38e7c3d31,C07,balance,1230,2025,available,available,nonzero,nonzero,accepted_384,384,direct_thousand,exact_nonzero,both_nonzero,4a70f79197417bd75f486296cedd16c923cd8ff1ff7c531cd8874e955726d69e,f74739abbd663c3cacde1b8d9a70bff60e927713af2a7c5d2146c0294dbe6106,datanewton_finance_2026-08-23_shape_v2,company-card-v2-finance-matrix-v3,2026-08-24T00:33:24.731191Z
3e34f7484501432dbf2b73c38e7c3d31,C07,balance,1240,2024,available,available,zero,missing,accepted_384,384,direct_thousand,not_comparable,zero_vs_missing,4a70f79197417bd75f486296cedd16c923cd8ff1ff7c531cd8874e955726d69e,f74739abbd663c3cacde1b8d9a70bff60e927713af2a7c5d2146c0294dbe6106,datanewton_finance_2026-08-23_shape_v2,company-card-v2-finance-matrix-v3,2026-08-24T00:33:24.731191Z
3e34f7484501432dbf2b73c38e7c3d31,C07,balance,1240,2025,available,available,zero,missing,accepted_384,384,direct_thousand,not_comparable,zero_vs_missing,4a70f79197417bd75f486296cedd16c923cd8ff1ff7c531cd8874e955726d69e,f74739abbd663c3cacde1b8d9a70bff60e927713af2a7c5d2146c0294dbe6106,datanewton_finance_2026-08-23_shape_v2,company-card-v2-finance-matrix-v3,2026-08-24T00:33:24.731191Z
3e34f7484501432dbf2b73c38e7c3d31,C07,balance,1250,2024,available,available,nonzero,nonzero,accepted_384,384,direct_thousand,exact_nonzero,both_nonzero,4a70f79197417bd75f486296cedd16c923cd8ff1ff7c531cd8874e955726d69e,f74739abbd663c3cacde1b8d9a70bff60e927713af2a7c5d2146c0294dbe6106,datanewton_finance_2026-08-23_shape_v2,company-card-v2-finance-matrix-v3,2026-08-24T00:33:24.731191Z
3e34f7484501432dbf2b73c38e7c3d31,C07,balance,1250,2025,available,available,nonzero,nonzero,accepted_384,384,direct_thousand,exact_nonzero,both_nonzero,4a70f79197417bd75f486296cedd16c923cd8ff1ff7c531cd8874e955726d69e,f74739abbd663c3cacde1b8d9a70bff60e927713af2a7c5d2146c0294dbe6106,datanewton_finance_2026-08-23_shape_v2,company-card-v2-finance-matrix-v3,2026-08-24T00:33:24.731191Z
3e34f7484501432dbf2b73c38e7c3d31,C07,balance,1300,2024,available,available,nonzero,nonzero,accepted_384,384,direct_thousand,exact_nonzero,both_nonzero,4a70f79197417bd75f486296cedd16c923cd8ff1ff7c531cd8874e955726d69e,f74739abbd663c3cacde1b8d9a70bff60e927713af2a7c5d2146c0294dbe6106,datanewton_finance_2026-08-23_shape_v2,company-card-v2-finance-matrix-v3,2026-08-24T00:33:24.731191Z
3e34f7484501432dbf2b73c38e7c3d31,C07,balance,1300,2025,available,available,nonzero,nonzero,accepted_384,384,direct_thousand,exact_nonzero,both_nonzero,4a70f79197417bd75f486296cedd16c923cd8ff1ff7c531cd8874e955726d69e,f74739abbd663c3cacde1b8d9a70bff60e927713af2a7c5d2146c0294dbe6106,datanewton_finance_2026-08-23_shape_v2,company-card-v2-finance-matrix-v3,2026-08-24T00:33:24.731191Z
3e34f7484501432dbf2b73c38e7c3d31,C07,balance,1400,2024,available,available,nonzero,nonzero,accepted_384,384,direct_thousand,exact_nonzero,both_nonzero,4a70f79197417bd75f486296cedd16c923cd8ff1ff7c531cd8874e955726d69e,f74739abbd663c3cacde1b8d9a70bff60e927713af2a7c5d2146c0294dbe6106,datanewton_finance_2026-08-23_shape_v2,company-card-v2-finance-matrix-v3,2026-08-24T00:33:24.731191Z
3e34f7484501432dbf2b73c38e7c3d31,C07,balance,1400,2025,available,available,nonzero,nonzero,accepted_384,384,direct_thousand,exact_nonzero,both_nonzero,4a70f79197417bd75f486296cedd16c923cd8ff1ff7c531cd8874e955726d69e,f74739abbd663c3cacde1b8d9a70bff60e927713af2a7c5d2146c0294dbe6106,datanewton_finance_2026-08-23_shape_v2,company-card-v2-finance-matrix-v3,2026-08-24T00:33:24.731191Z
3e34f7484501432dbf2b73c38e7c3d31,C07,balance,1500,2024,available,available,nonzero,nonzero,accepted_384,384,direct_thousand,exact_nonzero,both_nonzero,4a70f79197417bd75f486296cedd16c923cd8ff1ff7c531cd8874e955726d69e,f74739abbd663c3cacde1b8d9a70bff60e927713af2a7c5d2146c0294dbe6106,datanewton_finance_2026-08-23_shape_v2,company-card-v2-finance-matrix-v3,2026-08-24T00:33:24.731191Z
3e34f7484501432dbf2b73c38e7c3d31,C07,balance,1500,2025,available,available,nonzero,nonzero,accepted_384,384,direct_thousand,exact_nonzero,both_nonzero,4a70f79197417bd75f486296cedd16c923cd8ff1ff7c531cd8874e955726d69e,f74739abbd663c3cacde1b8d9a70bff60e927713af2a7c5d2146c0294dbe6106,datanewton_finance_2026-08-23_shape_v2,company-card-v2-finance-matrix-v3,2026-08-24T00:33:24.731191Z
3e34f7484501432dbf2b73c38e7c3d31,C07,balance,1600,2024,available,available,nonzero,nonzero,accepted_384,384,direct_thousand,exact_nonzero,both_nonzero,4a70f79197417bd75f486296cedd16c923cd8ff1ff7c531cd8874e955726d69e,f74739abbd663c3cacde1b8d9a70bff60e927713af2a7c5d2146c0294dbe6106,datanewton_finance_2026-08-23_shape_v2,company-card-v2-finance-matrix-v3,2026-08-24T00:33:24.731191Z
3e34f7484501432dbf2b73c38e7c3d31,C07,balance,1600,2025,available,available,nonzero,nonzero,accepted_384,384,direct_thousand,exact_nonzero,both_nonzero,4a70f79197417bd75f486296cedd16c923cd8ff1ff7c531cd8874e955726d69e,f74739abbd663c3cacde1b8d9a70bff60e927713af2a7c5d2146c0294dbe6106,datanewton_finance_2026-08-23_shape_v2,company-card-v2-finance-matrix-v3,2026-08-24T00:33:24.731191Z
3e34f7484501432dbf2b73c38e7c3d31,C07,financial_results,2100,2024,available,available,nonzero,nonzero,accepted_384,384,direct_thousand,exact_nonzero,both_nonzero,4a70f79197417bd75f486296cedd16c923cd8ff1ff7c531cd8874e955726d69e,f74739abbd663c3cacde1b8d9a70bff60e927713af2a7c5d2146c0294dbe6106,datanewton_finance_2026-08-23_shape_v2,company-card-v2-finance-matrix-v3,2026-08-24T00:33:24.731191Z
3e34f7484501432dbf2b73c38e7c3d31,C07,financial_results,2100,2025,available,available,nonzero,nonzero,accepted_384,384,direct_thousand,exact_nonzero,both_nonzero,4a70f79197417bd75f486296cedd16c923cd8ff1ff7c531cd8874e955726d69e,f74739abbd663c3cacde1b8d9a70bff60e927713af2a7c5d2146c0294dbe6106,datanewton_finance_2026-08-23_shape_v2,company-card-v2-finance-matrix-v3,2026-08-24T00:33:24.731191Z
3e34f7484501432dbf2b73c38e7c3d31,C07,financial_results,2110,2024,available,available,nonzero,nonzero,accepted_384,384,direct_thousand,exact_nonzero,both_nonzero,4a70f79197417bd75f486296cedd16c923cd8ff1ff7c531cd8874e955726d69e,f74739abbd663c3cacde1b8d9a70bff60e927713af2a7c5d2146c0294dbe6106,datanewton_finance_2026-08-23_shape_v2,company-card-v2-finance-matrix-v3,2026-08-24T00:33:24.731191Z
3e34f7484501432dbf2b73c38e7c3d31,C07,financial_results,2110,2025,available,available,nonzero,nonzero,accepted_384,384,direct_thousand,exact_nonzero,both_nonzero,4a70f79197417bd75f486296cedd16c923cd8ff1ff7c531cd8874e955726d69e,f74739abbd663c3cacde1b8d9a70bff60e927713af2a7c5d2146c0294dbe6106,datanewton_finance_2026-08-23_shape_v2,company-card-v2-finance-matrix-v3,2026-08-24T00:33:24.731191Z
3e34f7484501432dbf2b73c38e7c3d31,C07,financial_results,2200,2024,available,available,nonzero,nonzero,accepted_384,384,direct_thousand,exact_nonzero,both_nonzero,4a70f79197417bd75f486296cedd16c923cd8ff1ff7c531cd8874e955726d69e,f74739abbd663c3cacde1b8d9a70bff60e927713af2a7c5d2146c0294dbe6106,datanewton_finance_2026-08-23_shape_v2,company-card-v2-finance-matrix-v3,2026-08-24T00:33:24.731191Z
3e34f7484501432dbf2b73c38e7c3d31,C07,financial_results,2200,2025,available,available,nonzero,nonzero,accepted_384,384,direct_thousand,exact_nonzero,both_nonzero,4a70f79197417bd75f486296cedd16c923cd8ff1ff7c531cd8874e955726d69e,f74739abbd663c3cacde1b8d9a70bff60e927713af2a7c5d2146c0294dbe6106,datanewton_finance_2026-08-23_shape_v2,company-card-v2-finance-matrix-v3,2026-08-24T00:33:24.731191Z
3e34f7484501432dbf2b73c38e7c3d31,C07,financial_results,2400,2024,available,available,nonzero,nonzero,accepted_384,384,direct_thousand,exact_nonzero,both_nonzero,4a70f79197417bd75f486296cedd16c923cd8ff1ff7c531cd8874e955726d69e,f74739abbd663c3cacde1b8d9a70bff60e927713af2a7c5d2146c0294dbe6106,datanewton_finance_2026-08-23_shape_v2,company-card-v2-finance-matrix-v3,2026-08-24T00:33:24.731191Z
3e34f7484501432dbf2b73c38e7c3d31,C07,financial_results,2400,2025,available,available,nonzero,nonzero,accepted_384,384,direct_thousand,exact_nonzero,both_nonzero,4a70f79197417bd75f486296cedd16c923cd8ff1ff7c531cd8874e955726d69e,f74739abbd663c3cacde1b8d9a70bff60e927713af2a7c5d2146c0294dbe6106,datanewton_finance_2026-08-23_shape_v2,company-card-v2-finance-matrix-v3,2026-08-24T00:33:24.731191Z
3e34f7484501432dbf2b73c38e7c3d31,C08,balance,1210,2024,billing_ambiguous,available,not_observed,nonzero,accepted_384,384,direct_thousand,unavailable,unavailable_provider,,47711e9ab73ba5ab3f0b40cff2a1141f9a76e4e898da1072944c3f137c4da411,datanewton_finance_2026-08-23_shape_v2,company-card-v2-finance-matrix-v3,2026-08-24T00:33:40.931583Z
3e34f7484501432dbf2b73c38e7c3d31,C08,balance,1210,2025,billing_ambiguous,available,not_observed,nonzero,accepted_384,384,direct_thousand,unavailable,unavailable_provider,,47711e9ab73ba5ab3f0b40cff2a1141f9a76e4e898da1072944c3f137c4da411,datanewton_finance_2026-08-23_shape_v2,company-card-v2-finance-matrix-v3,2026-08-24T00:33:40.931583Z
3e34f7484501432dbf2b73c38e7c3d31,C08,balance,1230,2024,billing_ambiguous,available,not_observed,nonzero,accepted_384,384,direct_thousand,unavailable,unavailable_provider,,47711e9ab73ba5ab3f0b40cff2a1141f9a76e4e898da1072944c3f137c4da411,datanewton_finance_2026-08-23_shape_v2,company-card-v2-finance-matrix-v3,2026-08-24T00:33:40.931583Z
3e34f7484501432dbf2b73c38e7c3d31,C08,balance,1230,2025,billing_ambiguous,available,not_observed,nonzero,accepted_384,384,direct_thousand,unavailable,unavailable_provider,,47711e9ab73ba5ab3f0b40cff2a1141f9a76e4e898da1072944c3f137c4da411,datanewton_finance_2026-08-23_shape_v2,company-card-v2-finance-matrix-v3,2026-08-24T00:33:40.931583Z
3e34f7484501432dbf2b73c38e7c3d31,C08,balance,1240,2024,billing_ambiguous,available,not_observed,nonzero,accepted_384,384,direct_thousand,unavailable,unavailable_provider,,47711e9ab73ba5ab3f0b40cff2a1141f9a76e4e898da1072944c3f137c4da411,datanewton_finance_2026-08-23_shape_v2,company-card-v2-finance-matrix-v3,2026-08-24T00:33:40.931583Z
3e34f7484501432dbf2b73c38e7c3d31,C08,balance,1240,2025,billing_ambiguous,available,not_observed,nonzero,accepted_384,384,direct_thousand,unavailable,unavailable_provider,,47711e9ab73ba5ab3f0b40cff2a1141f9a76e4e898da1072944c3f137c4da411,datanewton_finance_2026-08-23_shape_v2,company-card-v2-finance-matrix-v3,2026-08-24T00:33:40.931583Z
3e34f7484501432dbf2b73c38e7c3d31,C08,balance,1250,2024,billing_ambiguous,available,not_observed,nonzero,accepted_384,384,direct_thousand,unavailable,unavailable_provider,,47711e9ab73ba5ab3f0b40cff2a1141f9a76e4e898da1072944c3f137c4da411,datanewton_finance_2026-08-23_shape_v2,company-card-v2-finance-matrix-v3,2026-08-24T00:33:40.931583Z
3e34f7484501432dbf2b73c38e7c3d31,C08,balance,1250,2025,billing_ambiguous,available,not_observed,nonzero,accepted_384,384,direct_thousand,unavailable,unavailable_provider,,47711e9ab73ba5ab3f0b40cff2a1141f9a76e4e898da1072944c3f137c4da411,datanewton_finance_2026-08-23_shape_v2,company-card-v2-finance-matrix-v3,2026-08-24T00:33:40.931583Z
3e34f7484501432dbf2b73c38e7c3d31,C08,balance,1300,2024,billing_ambiguous,available,not_observed,nonzero,accepted_384,384,direct_thousand,unavailable,unavailable_provider,,47711e9ab73ba5ab3f0b40cff2a1141f9a76e4e898da1072944c3f137c4da411,datanewton_finance_2026-08-23_shape_v2,company-card-v2-finance-matrix-v3,2026-08-24T00:33:40.931583Z
3e34f7484501432dbf2b73c38e7c3d31,C08,balance,1300,2025,billing_ambiguous,available,not_observed,nonzero,accepted_384,384,direct_thousand,unavailable,unavailable_provider,,47711e9ab73ba5ab3f0b40cff2a1141f9a76e4e898da1072944c3f137c4da411,datanewton_finance_2026-08-23_shape_v2,company-card-v2-finance-matrix-v3,2026-08-24T00:33:40.931583Z
3e34f7484501432dbf2b73c38e7c3d31,C08,balance,1400,2024,billing_ambiguous,available,not_observed,nonzero,accepted_384,384,direct_thousand,unavailable,unavailable_provider,,47711e9ab73ba5ab3f0b40cff2a1141f9a76e4e898da1072944c3f137c4da411,datanewton_finance_2026-08-23_shape_v2,company-card-v2-finance-matrix-v3,2026-08-24T00:33:40.931583Z
3e34f7484501432dbf2b73c38e7c3d31,C08,balance,1400,2025,billing_ambiguous,available,not_observed,nonzero,accepted_384,384,direct_thousand,unavailable,unavailable_provider,,47711e9ab73ba5ab3f0b40cff2a1141f9a76e4e898da1072944c3f137c4da411,datanewton_finance_2026-08-23_shape_v2,company-card-v2-finance-matrix-v3,2026-08-24T00:33:40.931583Z
3e34f7484501432dbf2b73c38e7c3d31,C08,balance,1500,2024,billing_ambiguous,available,not_observed,nonzero,accepted_384,384,direct_thousand,unavailable,unavailable_provider,,47711e9ab73ba5ab3f0b40cff2a1141f9a76e4e898da1072944c3f137c4da411,datanewton_finance_2026-08-23_shape_v2,company-card-v2-finance-matrix-v3,2026-08-24T00:33:40.931583Z
3e34f7484501432dbf2b73c38e7c3d31,C08,balance,1500,2025,billing_ambiguous,available,not_observed,nonzero,accepted_384,384,direct_thousand,unavailable,unavailable_provider,,47711e9ab73ba5ab3f0b40cff2a1141f9a76e4e898da1072944c3f137c4da411,datanewton_finance_2026-08-23_shape_v2,company-card-v2-finance-matrix-v3,2026-08-24T00:33:40.931583Z
3e34f7484501432dbf2b73c38e7c3d31,C08,balance,1600,2024,billing_ambiguous,available,not_observed,nonzero,accepted_384,384,direct_thousand,unavailable,unavailable_provider,,47711e9ab73ba5ab3f0b40cff2a1141f9a76e4e898da1072944c3f137c4da411,datanewton_finance_2026-08-23_shape_v2,company-card-v2-finance-matrix-v3,2026-08-24T00:33:40.931583Z
3e34f7484501432dbf2b73c38e7c3d31,C08,balance,1600,2025,billing_ambiguous,available,not_observed,nonzero,accepted_384,384,direct_thousand,unavailable,unavailable_provider,,47711e9ab73ba5ab3f0b40cff2a1141f9a76e4e898da1072944c3f137c4da411,datanewton_finance_2026-08-23_shape_v2,company-card-v2-finance-matrix-v3,2026-08-24T00:33:40.931583Z
3e34f7484501432dbf2b73c38e7c3d31,C08,financial_results,2100,2024,billing_ambiguous,available,not_observed,nonzero,accepted_384,384,direct_thousand,unavailable,unavailable_provider,,47711e9ab73ba5ab3f0b40cff2a1141f9a76e4e898da1072944c3f137c4da411,datanewton_finance_2026-08-23_shape_v2,company-card-v2-finance-matrix-v3,2026-08-24T00:33:40.931583Z
3e34f7484501432dbf2b73c38e7c3d31,C08,financial_results,2100,2025,billing_ambiguous,available,not_observed,nonzero,accepted_384,384,direct_thousand,unavailable,unavailable_provider,,47711e9ab73ba5ab3f0b40cff2a1141f9a76e4e898da1072944c3f137c4da411,datanewton_finance_2026-08-23_shape_v2,company-card-v2-finance-matrix-v3,2026-08-24T00:33:40.931583Z
3e34f7484501432dbf2b73c38e7c3d31,C08,financial_results,2110,2024,billing_ambiguous,available,not_observed,nonzero,accepted_384,384,direct_thousand,unavailable,unavailable_provider,,47711e9ab73ba5ab3f0b40cff2a1141f9a76e4e898da1072944c3f137c4da411,datanewton_finance_2026-08-23_shape_v2,company-card-v2-finance-matrix-v3,2026-08-24T00:33:40.931583Z
3e34f7484501432dbf2b73c38e7c3d31,C08,financial_results,2110,2025,billing_ambiguous,available,not_observed,nonzero,accepted_384,384,direct_thousand,unavailable,unavailable_provider,,47711e9ab73ba5ab3f0b40cff2a1141f9a76e4e898da1072944c3f137c4da411,datanewton_finance_2026-08-23_shape_v2,company-card-v2-finance-matrix-v3,2026-08-24T00:33:40.931583Z
3e34f7484501432dbf2b73c38e7c3d31,C08,financial_results,2200,2024,billing_ambiguous,available,not_observed,nonzero,accepted_384,384,direct_thousand,unavailable,unavailable_provider,,47711e9ab73ba5ab3f0b40cff2a1141f9a76e4e898da1072944c3f137c4da411,datanewton_finance_2026-08-23_shape_v2,company-card-v2-finance-matrix-v3,2026-08-24T00:33:40.931583Z
3e34f7484501432dbf2b73c38e7c3d31,C08,financial_results,2200,2025,billing_ambiguous,available,not_observed,nonzero,accepted_384,384,direct_thousand,unavailable,unavailable_provider,,47711e9ab73ba5ab3f0b40cff2a1141f9a76e4e898da1072944c3f137c4da411,datanewton_finance_2026-08-23_shape_v2,company-card-v2-finance-matrix-v3,2026-08-24T00:33:40.931583Z
3e34f7484501432dbf2b73c38e7c3d31,C08,financial_results,2400,2024,billing_ambiguous,available,not_observed,nonzero,accepted_384,384,direct_thousand,unavailable,unavailable_provider,,47711e9ab73ba5ab3f0b40cff2a1141f9a76e4e898da1072944c3f137c4da411,datanewton_finance_2026-08-23_shape_v2,company-card-v2-finance-matrix-v3,2026-08-24T00:33:40.931583Z
3e34f7484501432dbf2b73c38e7c3d31,C08,financial_results,2400,2025,billing_ambiguous,available,not_observed,nonzero,accepted_384,384,direct_thousand,unavailable,unavailable_provider,,47711e9ab73ba5ab3f0b40cff2a1141f9a76e4e898da1072944c3f137c4da411,datanewton_finance_2026-08-23_shape_v2,company-card-v2-finance-matrix-v3,2026-08-24T00:33:40.931583Z
